Name,Age,Location,Occupation
John,35,New York,Engineer
Alice,28,Los Angeles,Designer
Bob,42,Chicago,Manager
Eve,31,San Francisco,Data Scientist
Mark,29,Miami,Teacher
Linda,38,Houston,Accountant
Michael,45,Seattle,Doctor
Sarah,26,Boston,Writer
Daniel,33,Denver,Architect
Emily,40,Austin,Marketing
Kevin,29,Philadelphia,Software Developer
Rachel,35,Atlanta,Lawyer
Ryan,27,Dallas,Consultant
Olivia,32,Phoenix,Entrepreneur
William,37,Portland,Graphic Designer
Laura,30,Detroit,Nurse
Andrew,34,Minneapolis,Chef
Ava,36,Tampa,Psychologist
James,44,Charlotte,Real Estate Agent
Sophia,29,San Diego,Photographer
Matthew,31,Orlando,Financial Analyst
Natalie,38,St. Louis,HR Manager
Joseph,39,Kansas City,Electrician
Emma,28,Raleigh,Interior Designer
Benjamin,47,Nashville,Musician
Mia,32,Oklahoma City,Environmental Scientist
David,41,New Orleans,Police Officer
Grace,30,Baltimore,Event Planner
Alexander,34,Indianapolis,Professor
Oliver,26,Salt Lake City,Librarian
Victoria,37,Sacramento,Public Relations Specialist
Lucas,29,San Antonio,Firefighter
Avery,35,Milwaukee,Pharmacist
Daniel,30,Las Vegas,Gym Trainer
Sophie,33,Tucson,Journalist
Liam,39,Richmond,IT Consultant
Charlotte,27,Memphis,Dentist
Ethan,36,Albuquerque,Artist
Hannah,30,Fresno,Counselor
William,41,Omaha,Investment Banker
Abigail,32,Boulder,Geologist
James,45,Boise,Airline Pilot
Grace,29,Honolulu,Marine Biologist
Jacob,38,Des Moines,Financial Planner
Sophia,34,Anchorage,Social Worker
Michael,43,Birmingham,Pharmaceutical Sales
Madison,28,Louisville,Travel Agent